Country,Population,Gender,Micronutrient,Age,P_Deficiency_Primary,P_Marginal,P_Severe
Lao ,Adults,All,vitamin_A,26.0,19.2,,3.2
Lao ,Adults,All,vitamin_A,33.0,23.6,,2.7
Lao ,Adults,All,vitamin_A,40.0,15.2,,0.0
United Kingdom,Men,Male,vitamin_A,19.0,0.0,1.0,0.0
United Kingdom,Men,Male,vitamin_A,19.0,0.0,2.0,0.0
United Kingdom,Men,Male,vitamin_A,25.0,0.0,2.0,0.0
United Kingdom,Men,Male,vitamin_A,35.0,0.0,2.0,0.0
United Kingdom,Men,Male,vitamin_A,50.0,1.0,2.0,0.0
Malawi,Men,Male,vitamin_A,20.0,36.9,81.2,1.4
United Kingdom,Adults,All,vitamin_A,19.0,0.5,,0.2
United Kingdom,Men,Male,vitamin_A,19.0,0.3,,0.0
United Kingdom,Women,Female,vitamin_A,19.0,0.7,,0.3
United Kingdom,Adults,All,vitamin_A,19.0,0.0,,0.0
United Kingdom,Men,Male,vitamin_A,19.0,0.0,,0.0
United Kingdom,Women,Female,vitamin_A,19.0,0.0,,0.0
United Kingdom,Adults,All,vitamin_A,19.0,0.3,,0.3
United Kingdom,Men,Male,vitamin_A,19.0,0.0,,0.0
United Kingdom,Women,Female,vitamin_A,19.0,0.5,,0.5
United Kingdom,Adults,All,vitamin_A,19.0,0.0,,0.0
United Kingdom,Men,Male,vitamin_A,19.0,0.0,,0.0
United Kingdom,Women,Female,vitamin_A,19.0,0.0,,0.0
Philippines,Adults,All,vitamin_A,20.0,2.5,72.7,
Philippines,Adults,All,vitamin_A,20.0,2.6,65.8,
Philippines,Adults,All,vitamin_A,20.0,0.6,44.9,
Philippines,Adults,All,vitamin_A,20.0,1.8,68.7,
Philippines,Adults,All,vitamin_A,20.0,1.1,69.1,
Philippines,Adults,All,vitamin_A,20.0,0.5,57.7,
Philippines,Adults,All,vitamin_A,20.0,2.1,72.4,
Philippines,Adults,All,vitamin_A,20.0,1.2,52.1,
Philippines,Adults,All,vitamin_A,20.0,1.1,57.8,
Philippines,Adults,All,vitamin_A,20.0,2.7,62.1,
Philippines,Adults,All,vitamin_A,20.0,3.4,57.2,
Philippines,Adults,All,vitamin_A,20.0,1.7,62.2,
Philippines,Adults,All,vitamin_A,20.0,2.4,68.9,
Philippines,Adults,All,vitamin_A,20.0,1.6,62.3,
Philippines,Adults,All,vitamin_A,20.0,2.4,52.5,
Philippines,Adults,All,vitamin_A,20.0,3.8,68.8,
Philippines,Adults,All,vitamin_A,20.0,4.7,70.5,
Philippines,Adults,All,vitamin_A,20.0,2.1,64.0,
Philippines,Adults,All,vitamin_A,20.0,2.3,,
Philippines,Adults,All,vitamin_A,20.0,1.9,,
Austria,Elderly,All,vitamin_B6,65.0,6.7,12.0,
Austria,Elderly,Female,vitamin_B6,65.0,8.7,10.2,
Austria,Elderly,Male,vitamin_B6,65.0,4.2,14.2,
Austria,Men,Male,vitamin_B6,18.0,2.7,11.4,
Austria,Children,Female,vitamin_B6,7.0,0.0,1.0,
Austria,Children,Male,vitamin_B6,7.0,0.0,1.3,
Austria,Women,Female,vitamin_B6,18.0,1.9,10.9,
Australia,Adults,All,vitamin_B12,18.0,2.3,14.7,
Australia,Adults,Female,vitamin_B12,18.0,2.3,15.0,
Australia,Men,Male,vitamin_B12,18.0,2.4,14.3,
Austria,Men,Male,vitamin_B12,18.0,9.9,8.8,
Austria,Women,Female,vitamin_B12,18.0,7.3,9.8,
Canada,Adults,All,vitamin_B12,20.0,5.0,20.3,
Canada,Adults,All,vitamin_B12,46.0,5.5,21.2,
Canada,Adults,All,vitamin_B12,20.0,4.1,,
Canada,Adults,All,vitamin_B12,40.0,4.5,,
Canada,Men,Male,vitamin_B12,20.0,4.3,,
Canada,Men,Male,vitamin_B12,40.0,4.6,,
Canada,Women,Female,vitamin_B12,40.0,4.5,,
Costa Rica,Men,Male,vitamin_B12,20.0,2.9,,
Costa Rica,Women,Female,vitamin_B12,45.0,6.4,,
Costa Rica,Men,Male,vitamin_B12,20.0,2.2,,
Costa Rica,Women,Female,vitamin_B12,45.0,4.5,,
Costa Rica,Men,Male,vitamin_B12,20.0,2.6,,
Costa Rica,Women,Female,vitamin_B12,45.0,9.1,,
Costa Rica,Men,Male,vitamin_B12,20.0,4.2,,
Costa Rica,Women,Female,vitamin_B12,45.0,5.3,,
Ecuador,Adults,All,vitamin_B12,20.0,5.9,,
Ecuador,Adults,All,vitamin_B12,30.0,5.9,,
Ecuador,Adults,All,vitamin_B12,40.0,4.0,,
Ecuador,Adults,All,vitamin_B12,50.0,6.3,,
Ecuador,Adults,Female,vitamin_B12,50.0,9.0,,
Ecuador,Adults,Male,vitamin_B12,50.0,3.1,,
Ecuador,Men,Male,vitamin_B12,20.0,7.5,,
Ecuador,Men,Male,vitamin_B12,30.0,6.5,,
Ecuador,Men,Male,vitamin_B12,40.0,4.4,,
Spain,Adults,All,vitamin_B12,25.0,10.9,,
Ethiopia,Men,Male,vitamin_B12,15.0,22.8,,
Ethiopia,Men,Male,vitamin_B12,15.0,42.1,,
Ethiopia,Men,Male,vitamin_B12,15.0,10.6,,
Ethiopia,Men,Male,vitamin_B12,15.0,23.3,,
Ethiopia,Men,Male,vitamin_B12,15.0,40.7,,
Ethiopia,Men,Male,vitamin_B12,15.0,6.7,,
Ethiopia,Men,Male,vitamin_B12,15.0,23.4,,
France,Adults,All,vitamin_B12,18.0,3.3,,
France,Adults,Female,vitamin_B12,18.0,3.7,,
France,Adults,Male,vitamin_B12,18.0,2.9,,
United Kingdom,Men,Male,vitamin_B12,19.0,3.0,,
United Kingdom,Men,Male,vitamin_B12,19.0,6.0,,
United Kingdom,Men,Male,vitamin_B12,25.0,2.0,,
United Kingdom,Men,Male,vitamin_B12,35.0,8.0,,
United Kingdom,Men,Male,vitamin_B12,50.0,8.0,,
United Kingdom,Adults,All,vitamin_B12,19.0,4.0,,
United Kingdom,Men,Male,vitamin_B12,19.0,3.0,,
United Kingdom,Women,Female,vitamin_B12,19.0,5.0,,
United Kingdom,Adults,All,vitamin_B12,19.0,6.0,,
United Kingdom,Men,Male,vitamin_B12,19.0,2.0,,
United Kingdom,Women,Female,vitamin_B12,19.0,9.0,,
United Kingdom,Adults,All,vitamin_B12,19.0,4.9,,
United Kingdom,Men,Male,vitamin_B12,19.0,2.5,,
United Kingdom,Women,Female,vitamin_B12,19.0,7.1,,
United Kingdom,Adults,All,vitamin_B12,19.0,6.0,,
United Kingdom,Men,Male,vitamin_B12,19.0,6.0,,
United Kingdom,Women,Female,vitamin_B12,19.0,6.0,,
United Kingdom,Adults,All,vitamin_B12,19.0,3.0,,
United Kingdom,Men,Male,vitamin_B12,19.0,3.0,,
United Kingdom,Women,Female,vitamin_B12,19.0,4.0,,
United Kingdom,Adults,All,vitamin_B12,19.0,4.0,,
United Kingdom,Men,Male,vitamin_B12,19.0,3.0,,
United Kingdom,Women,Female,vitamin_B12,19.0,5.0,,
United Kingdom,Adults,All,vitamin_B12,19.0,6.6,,
United Kingdom,Men,Male,vitamin_B12,19.0,5.2,,
United Kingdom,Women,Female,vitamin_B12,19.0,8.2,,
United Kingdom,Adults,All,vitamin_B12,19.0,6.7,,
United Kingdom,Men,Male,vitamin_B12,19.0,4.5,,
United Kingdom,Women,Female,vitamin_B12,19.0,8.8,,
United Kingdom,Adults,All,vitamin_B12,19.0,7.7,,
United Kingdom,Men,Male,vitamin_B12,19.0,8.2,,
United Kingdom,Women,Female,vitamin_B12,19.0,7.2,,
Ireland,Adults,All,vitamin_B12,18.0,7.0,,
Panama,Adults,All,vitamin_B12,15.0,11.8,25.7,
Panama,Adults,All,vitamin_B12,20.0,12.8,28.7,
Panama,Adults,All,vitamin_B12,25.0,18.1,26.5,
Panama,Adults,All,vitamin_B12,30.0,12.3,19.5,
Panama,Adults,All,vitamin_B12,35.0,13.3,24.7,
Panama,Adults,All,vitamin_B12,40.0,13.1,32.3,
Panama,Adults,All,vitamin_B12,45.0,8.3,24.9,
Panama,Adults,All,vitamin_B12,50.0,13.9,18.1,
Panama,Adults,All,vitamin_B12,55.0,14.8,20.4,
Panama,Adults,All,vitamin_B12,60.0,5.9,29.7,
Panama,Adults,Female,vitamin_B12,15.0,10.0,26.1,
Panama,Adults,Male,vitamin_B12,15.0,14.1,25.1,
United States of America,Adults,All,vitamin_B12,20.0,1.5,,
United States of America,Adults,All,vitamin_B12,40.0,2.6,,
United Kingdom,Men,Male,vitamin_C,19.0,7.0,,
United Kingdom,Men,Male,vitamin_C,19.0,5.0,,
United Kingdom,Men,Male,vitamin_C,25.0,5.0,,
United Kingdom,Men,Male,vitamin_C,35.0,4.0,,
United Kingdom,Men,Male,vitamin_C,50.0,5.0,,
United Kingdom,Women,Female,vitamin_C,19.0,4.0,,
United Kingdom,Women,Female,vitamin_C,19.0,3.0,,
United Kingdom,Women,Female,vitamin_C,25.0,3.0,,
United Kingdom,Women,Female,vitamin_C,35.0,4.0,,
United Kingdom,Women,Female,vitamin_C,50.0,3.0,,
United Kingdom,Adolescents,All,vitamin_C,11.0,1.4,,
United Kingdom,Adolescents,Female,vitamin_C,11.0,1.1,,
United Kingdom,Adolescents,Male,vitamin_C,11.0,1.6,,
United Kingdom,Adults,All,vitamin_C,19.0,2.2,,
United Kingdom,Elderly,All,vitamin_C,65.0,4.0,,
United Kingdom,Elderly,Female,vitamin_C,65.0,4.3,,
United Kingdom,Elderly,Male,vitamin_C,65.0,3.6,,
United Kingdom,Men,Male,vitamin_C,19.0,1.3,,
United Kingdom,Children,All,vitamin_C,1.0,3.8,,
United Kingdom,Children,All,vitamin_C,4.0,0.0,,
United Kingdom,Children,Female,vitamin_C,4.0,0.0,,
United Kingdom,Children,Male,vitamin_C,4.0,0.0,,
United Kingdom,Women,Female,vitamin_C,19.0,3.1,,
United Kingdom,Adolescents,All,vitamin_C,11.0,0.0,,
United Kingdom,Adolescents,Female,vitamin_C,11.0,0.0,,
United Kingdom,Adolescents,Male,vitamin_C,11.0,0.0,,
United Kingdom,Adults,All,vitamin_C,19.0,0.5,,
United Kingdom,Elderly,All,vitamin_C,65.0,0.0,,
United Kingdom,Men,Male,vitamin_C,19.0,0.4,,
United Kingdom,Women,Female,vitamin_C,19.0,0.5,,
United Kingdom,Adolescents,All,vitamin_C,11.0,2.9,,
United Kingdom,Adolescents,Female,vitamin_C,11.0,3.3,,
United Kingdom,Adolescents,Male,vitamin_C,11.0,2.6,,
United Kingdom,Adults,All,vitamin_C,19.0,3.2,,
United Kingdom,Elderly,All,vitamin_C,65.0,2.7,,
United Kingdom,Elderly,Female,vitamin_C,65.0,1.5,,
United Kingdom,Elderly,Male,vitamin_C,65.0,4.4,,
United Kingdom,Men,Male,vitamin_C,19.0,4.0,,
United Kingdom,Children,All,vitamin_C,4.0,0.0,,
United Kingdom,Women,Female,vitamin_C,19.0,2.4,,
United Kingdom,Adolescents,All,vitamin_C,11.0,0.0,,
United Kingdom,Adults,All,vitamin_C,19.0,2.5,,
United Kingdom,Elderly,All,vitamin_C,65.0,1.9,,
United Kingdom,Men,Male,vitamin_C,19.0,3.2,,
United Kingdom,Women,Female,vitamin_C,19.0,1.8,,
Australia,Adults,All,vitamin_D,18.0,7.5,28.0,
Australia,Adults,All,vitamin_D,18.0,8.3,26.9,
Australia,Adults,All,vitamin_D,18.0,1.1,13.1,
Australia,Adults,All,vitamin_D,18.0,1.8,11.2,
Australia,Adults,All,vitamin_D,18.0,6.1,26.7,
Australia,Adults,All,vitamin_D,18.0,5.8,24.6,
Australia,Adults,All,vitamin_D,18.0,9.2,30.7,
Australia,Adults,All,vitamin_D,18.0,3.4,16.0,
Australia,Adults,All,vitamin_D,18.0,6.5,23.5,
Australia,Adults,All,vitamin_D,18.0,11.6,31.1,
Australia,Adults,All,vitamin_D,25.0,10.8,30.8,
Australia,Adults,All,vitamin_D,35.0,6.9,22.9,
Australia,Adults,All,vitamin_D,45.0,4.5,21.6,
Australia,Adults,All,vitamin_D,55.0,2.4,17.5,
Australia,Adults,Female,vitamin_D,18.0,6.4,22.7,
Australia,Men,Male,vitamin_D,18.0,6.5,24.2,
Austria,Men,Male,vitamin_D,18.0,13.7,29.8,
Austria,Women,Female,vitamin_D,18.0,11.4,28.4,
Canada,Adults,All,vitamin_D,20.0,5.1,12.7,
Canada,Adults,All,vitamin_D,40.0,4.4,11.2,
Canada,Men,Male,vitamin_D,20.0,6.8,15.7,
Canada,Men,Male,vitamin_D,40.0,5.9,13.8,
Canada,Women,Female,vitamin_D,40.0,2.9,8.6,
France,Adults,All,vitamin_D,18.0,4.4,,
France,Adults,Male,vitamin_D,18.0,3.3,,
France,Men,Male,vitamin_D,18.0,4.5,,
France,Men,Male,vitamin_D,30.0,2.5,,
France,Men,Male,vitamin_D,55.0,3.3,,
France,Women,Female,vitamin_D,18.0,5.5,,
France,Women,Female,vitamin_D,55.0,3.0,,
United Kingdom,Men,Male,vitamin_D,19.0,24.0,,
United Kingdom,Men,Male,vitamin_D,19.0,14.0,,
United Kingdom,Men,Male,vitamin_D,25.0,16.0,,
United Kingdom,Men,Male,vitamin_D,35.0,12.0,,
United Kingdom,Men,Male,vitamin_D,50.0,9.0,,
United Kingdom,Adults,All,vitamin_D,19.0,14.0,,
United Kingdom,Men,Male,vitamin_D,19.0,14.0,,
United Kingdom,Men,Male,vitamin_D,65.0,12.0,,
United Kingdom,Women,Female,vitamin_D,19.0,14.0,,
United Kingdom,Women,Female,vitamin_D,65.0,21.0,,
United Kingdom,Adults,All,vitamin_D,19.0,19.0,,
United Kingdom,Men,Male,vitamin_D,19.0,20.0,,
United Kingdom,Women,Female,vitamin_D,19.0,17.0,,
United Kingdom,Adults,All,vitamin_D,19.0,22.8,,
United Kingdom,Men,Male,vitamin_D,19.0,24.0,,
United Kingdom,Women,Female,vitamin_D,19.0,21.7,,
United Kingdom,Adults,All,vitamin_D,19.0,19.0,,
United Kingdom,Men,Male,vitamin_D,19.0,22.0,,
United Kingdom,Women,Female,vitamin_D,19.0,15.0,,
United Kingdom,Adults,All,vitamin_D,19.0,17.0,,
United Kingdom,Men,Male,vitamin_D,19.0,19.0,,
United Kingdom,Women,Female,vitamin_D,19.0,16.0,,
United Kingdom,Adults,All,vitamin_D,19.0,16.0,,
United Kingdom,Men,Male,vitamin_D,19.0,18.0,,
United Kingdom,Women,Female,vitamin_D,19.0,15.0,,
United Kingdom,Adults,All,vitamin_D,19.0,34.3,,
United Kingdom,Men,Male,vitamin_D,19.0,35.6,,
United Kingdom,Women,Female,vitamin_D,19.0,33.0,,
United Kingdom,Adults,All,vitamin_D,19.0,32.5,,
United Kingdom,Men,Male,vitamin_D,19.0,31.7,,
United Kingdom,Women,Female,vitamin_D,19.0,33.3,,
United Kingdom,Adults,All,vitamin_D,19.0,17.7,,
United Kingdom,Men,Male,vitamin_D,19.0,19.8,,
United Kingdom,Women,Female,vitamin_D,19.0,15.8,,
Ireland,Adults,All,vitamin_D,18.0,11.2,45.0,
Ireland,Adults,All,vitamin_D,18.0,6.7,40.1,
Ireland,Adults,Female,vitamin_D,18.0,6.0,39.4,
Ireland,Adults,Male,vitamin_D,18.0,7.4,40.8,
Iran,Adults,All,vitamin_D,50.0,59.1,,
Iran,Men,Male,vitamin_D,45.0,55.1,,
Iran,Women,Female,vitamin_D,50.0,60.2,,
Iran,Men,Male,vitamin_D,45.0,59.3,,
Iran,Women,Female,vitamin_D,50.0,60.4,,
Korea,Men,Male,vitamin_D,,95.2,,
Korea,Women,Female,vitamin_D,,93.3,,
Korea,Women,Female,vitamin_D,,94.9,,
Korea,Women,Female,vitamin_D,,94.6,,
Mongolia,Men,Male,vitamin_D,15.0,35.1,44.2,
Mongolia,Men,Male,vitamin_D,15.0,40.4,41.9,
Mongolia,Men,Male,vitamin_D,20.0,37.0,41.5,
Mongolia,Men,Male,vitamin_D,30.0,41.6,42.5,
Mongolia,Men,Male,vitamin_D,40.0,40.8,,
Mongolia,Men,Male,vitamin_D,15.0,48.9,35.4,
Mongolia,Men,Male,vitamin_D,15.0,35.9,45.4,
Mongolia,Men,Male,vitamin_D,15.0,53.8,33.3,
Mongolia,Men,Male,vitamin_D,15.0,38.9,43.1,
Mongolia,Men,Male,vitamin_D,15.0,45.7,40.0,
Mongolia,Men,Male,vitamin_D,15.0,38.8,45.0,
Philippines,Adults,All,vitamin_D,20.0,17.3,36.8,
Philippines,Adults,All,vitamin_D,20.0,23.0,38.5,
Philippines,Adults,All,vitamin_D,40.0,12.5,36.0,
Philippines,Men,Male,vitamin_D,20.0,10.9,28.6,
Philippines,Men,Male,vitamin_D,20.0,13.3,35.3,
Philippines,Men,Male,vitamin_D,40.0,8.0,22.2,
Philippines,Women,Female,vitamin_D,20.0,22.5,43.6,
Philippines,Women,Female,vitamin_D,40.0,16.1,46.7,
United States of America,Adults,All,vitamin_D,20.0,9.5,,
United States of America,Adults,All,vitamin_D,40.0,9.3,,
China,Elderly,All,vitamin_E,65.0,2.91,,
China,Elderly,All,vitamin_E,65.0,2.67,,
China,Elderly,All,vitamin_E,70.0,2.68,,
China,Elderly,All,vitamin_E,75.0,2.3,,
China,Elderly,All,vitamin_E,80.0,4.73,,
China,Elderly,Female,vitamin_E,65.0,2.17,,
China,Elderly,Male,vitamin_E,65.0,3.6,,
United Kingdom,Men,Male,vitamin_E,19.0,8.0,,
United Kingdom,Men,Male,vitamin_E,19.0,4.0,,
United Kingdom,Men,Male,vitamin_E,25.0,3.0,,
United Kingdom,Men,Male,vitamin_E,35.0,3.0,,
United Kingdom,Men,Male,vitamin_E,50.0,4.0,,
United Kingdom,Women,Female,vitamin_E,19.0,9.0,,
United Kingdom,Women,Female,vitamin_E,19.0,4.0,,
United Kingdom,Women,Female,vitamin_E,25.0,10.0,,
United Kingdom,Women,Female,vitamin_E,35.0,2.0,,
United Kingdom,Women,Female,vitamin_E,50.0,1.0,,
Palestine,Children,All,vitamin_E,12.0,23.1,,
Palestine,Women,Female,vitamin_E,18.0,13.9,,
Palestine,Pregnant women,Female,vitamin_E,18.0,17.5,,
Palestine,Pregnant women,Female,vitamin_E,18.0,3.3,,
Palestine,Children,All,vitamin_E,6.0,32.5,,
Palestine,Children,Female,vitamin_E,6.0,32.2,,
Palestine,Children,Male,vitamin_E,6.0,32.7,,
Palestine,Children,All,vitamin_E,12.0,15.6,,
Palestine,Women,Female,vitamin_E,18.0,18.1,,
Palestine,Pregnant women,Female,vitamin_E,18.0,13.2,,
Palestine,Pregnant women,Female,vitamin_E,18.0,3.3,,
Palestine,Children,Female,vitamin_E,6.0,28.7,,
Palestine,Children,Male,vitamin_E,6.0,28.0,,
Palestine,Children,All,vitamin_E,12.0,18.6,,
Palestine,Women,Female,vitamin_E,18.0,16.2,,
Palestine,Pregnant women,Female,vitamin_E,18.0,15.2,,
Palestine,Pregnant women,Female,vitamin_E,18.0,3.3,,
Palestine,Children,All,vitamin_E,6.0,24.3,,
Palestine,Children,All,vitamin_E,12.0,24.8,,
Palestine,Children,All,vitamin_E,24.0,33.5,,
Palestine,Children,Female,vitamin_E,6.0,30.3,,
Palestine,Children,Male,vitamin_E,6.0,30.2,,
United States of America,Adolescents,All,vitamin_E,12.0,2.6,,
United States of America,Adults,All,vitamin_E,40.0,0.3,,
United States of America,Elderly,All,vitamin_E,60.0,0.4,,
United States of America,Children,All,vitamin_E,6.0,0.9,,
Bhutan,Adolescents,All,calcium,10.0,24.0,,
Bhutan,Adolescents,Female,calcium,10.0,11.3,,
Bhutan,Adolescents,Male,calcium,10.0,13.0,,
Bhutan,Women,Female,calcium,15.0,24.0,,
Cambodia,Women,Female,calcium,15.0,0.2,,
Cambodia,Women,Female,calcium,15.0,0.2,,
Cambodia,Women,Female,calcium,15.0,0.0,,
Pakistan,Women,Female,calcium,15.0,5.9,,
Pakistan,Pregnant women,Female,calcium,15.0,4.4,,
Pakistan,Women,Female,calcium,15.0,23.2,,
Pakistan,Pregnant women,Female,calcium,15.0,35.4,,
Pakistan,Women,Female,calcium,15.0,33.6,,
Pakistan,Women ,Female,calcium,15.0,22.6,,
Pakistan,Pregnant women,Female,calcium,15.0,36.6,,
Pakistan,Women,Female,calcium,15.0,33.1,,
Pakistan,Women,Female,calcium,15.0,29.0,,
Pakistan,Pregnant women,Female,calcium,15.0,10.7,,
Pakistan,Women,Female,calcium,15.0,39.0,,
Pakistan,Women,Female,calcium,15.0,59.8,,
Pakistan,Pregnant women,Female,calcium,15.0,62.9,,
Pakistan,Women,Female,calcium,15.0,21.8,,
Pakistan,Pregnant women,Female,calcium,15.0,36.6,,
Pakistan,Women,Female,calcium,15.0,32.8,,
Pakistan,Women,Female,calcium,15.0,20.8,,
Pakistan,Pregnant women,Female,calcium,15.0,33.0,,
Pakistan,Women,Female,calcium,15.0,31.9,,
Pakistan,Women,Female,calcium,15.0,25.4,,
Pakistan,Pregnant women,Female,calcium,15.0,57.5,,
Pakistan,Women,Female,calcium,15.0,36.0,,
Pakistan,Women,Female,calcium,15.0,27.9,,
Pakistan,Pregnant women,Female,calcium,15.0,9.6,,
Pakistan,Women,Female,calcium,15.0,47.0,,
Pakistan,Women,Female,calcium,15.0,47.0,,
Pakistan,Women,Female,calcium,15.0,52.8,,
Pakistan,Women,Female,calcium,15.0,44.5,,
Pakistan,Pregnant women,Female,calcium,15.0,71.3,,
Pakistan,Women,Female,calcium,15.0,19.4,,
Pakistan,Pregnant women,Female,calcium,15.0,38.9,,
Pakistan,Women,Female,calcium,15.0,36.0,,
Pakistan,Women,Female,calcium,15.0,16.9,,
Pakistan,Pregnant women,Female,calcium,15.0,39.0,,
Pakistan,Women,Female,calcium,15.0,34.9,,
Pakistan,Women,Female,calcium,15.0,27.9,,
Pakistan,Pregnant women,Female,calcium,15.0,38.7,,
Pakistan,Women,Female,calcium,15.0,39.9,,
Pakistan,Women,Female,calcium,15.0,5.7,,
Pakistan,Pregnant women,Female,calcium,15.0,15.9,,
Pakistan,Women,Female,calcium,15.0,12.4,,
Pakistan,Women,Female,calcium,15.0,4.5,,
Pakistan,Pregnant women,Female,calcium,15.0,14.0,,
Pakistan,Women,Female,calcium,15.0,9.1,,
Pakistan,Women,Female,calcium,15.0,7.2,,
Pakistan,Pregnant women,Female,calcium,15.0,17.6,,
Pakistan,Women,Female,calcium,15.0,16.3,,
Pakistan,Women,Female,calcium,15.0,70.9,,
Pakistan,Pregnant women,Female,calcium,15.0,61.4,,
Pakistan,Women,Female,calcium,15.0,18.2,,
Pakistan,Pregnant women,Female,calcium,15.0,33.5,,
Pakistan,Women,Female,calcium,15.0,30.1,,
Pakistan,Women,Female,calcium,15.0,19.3,,
Pakistan,Pregnant women,Female,calcium,15.0,32.4,,
Pakistan,Women ,Female,calcium,15.0,31.7,,
Pakistan,Women,Female,calcium,15.0,14.5,,
Pakistan,Pregnant women,Female,calcium,15.0,37.1,,
Pakistan,Women ,Female,calcium,15.0,24.5,,
Pakistan,Women,Female,calcium,15.0,52.3,,
Pakistan,Pregnant women,Female,calcium,15.0,63.4,,
Pakistan,Women,Female,calcium,15.0,19.1,,
Pakistan,Pregnant women,Female,calcium,15.0,39.9,,
Pakistan,Women,Female,calcium,15.0,31.8,,
Pakistan,Women,Female,calcium,15.0,18.2,,
Pakistan,Pregnant women,Female,calcium,15.0,38.0,,
Pakistan,Women,Female,calcium,15.0,30.0,,
Pakistan,Women,Female,calcium,15.0,20.4,,
Pakistan,Pregnant women,Female,calcium,15.0,42.7,,
Pakistan,Women,Female,calcium,15.0,34.4,,
Pakistan,Women,Female,calcium,15.0,44.2,,
Pakistan,Pregnant women,Female,calcium,15.0,50.4,,
Pakistan,Women,Female,calcium,15.0,9.6,,
Pakistan,Pregnant women,Female,calcium,15.0,23.2,,
Pakistan,Women,Female,calcium,15.0,15.3,,
Pakistan,Women,Female,calcium,15.0,8.3,,
Pakistan,Pregnant women,Female,calcium,15.0,28.1,,
Pakistan,Women,Female,calcium,15.0,15.3,,
Pakistan,Women,Female,calcium,15.0,10.5,,
Pakistan,Pregnant women,Female,calcium,15.0,18.1,,
Pakistan,Women,Female,calcium,15.0,16.7,,
Pakistan,Women,Female,calcium,15.0,51.1,,
Pakistan,Pregnant women,Female,calcium,15.0,58.3,,
Pakistan,Women,Female,calcium,15.0,13.8,,
Pakistan,Pregnant women,Female,calcium,15.0,25.4,,
Pakistan,Women,Female,calcium,15.0,26.9,,
Pakistan,Women,Female,calcium,15.0,16.2,,
Pakistan,Pregnant women,Female,calcium,15.0,32.5,,
Pakistan,Women,Female,calcium,15.0,25.8,,
Pakistan,Women,Female,calcium,15.0,16.8,,
Pakistan,Pregnant women,Female,calcium,15.0,31.3,,
Pakistan,Women,Female,calcium,15.0,27.1,,
Pakistan,Women,Female,calcium,15.0,15.2,,
Pakistan,Pregnant women,Female,calcium,15.0,26.4,,
Pakistan,Women,Female,calcium,15.0,26.5,,
Pakistan,Women,Female,calcium,15.0,16.2,,
Pakistan,Pregnant women,Female,calcium,15.0,32.7,,
Pakistan,Women,Female,calcium,15.0,26.5,,
Pakistan,Women,Female,calcium,15.0,16.0,,
Pakistan,Pregnant women,Female,calcium,15.0,35.1,,
Pakistan,Women,Female,calcium,15.0,24.1,,
Pakistan,Women,Female,calcium,15.0,16.5,,
Pakistan,Pregnant women,Female,calcium,15.0,35.5,,
Pakistan,Women,Female,calcium,15.0,27.7,,
Pakistan,Women,Female,calcium,15.0,16.4,,
Pakistan,Pregnant women,Female,calcium,15.0,33.3,,
Pakistan,Women,Female,calcium,15.0,27.0,,
Pakistan,Women,Female,calcium,15.0,17.95,,
Pakistan,Pregnant women,Female,calcium,15.0,39.05,,
Pakistan,Women,Female,calcium,15.0,28.6,,
Pakistan,Women,Female,calcium,15.0,15.7,,
Pakistan,Pregnant women,Female,calcium,15.0,27.0,,
Pakistan,Women,Female,calcium,15.0,25.5,,
Pakistan,Women,Female,calcium,15.0,50.8,,
Pakistan,Pregnant women,Female,calcium,15.0,57.1,,
Pakistan,Women,Female,calcium,15.0,16.4,,
Pakistan,Pregnant women,Female,calcium,15.0,33.3,,
Pakistan,Women,Female,calcium,15.0,26.8,,
Pakistan,Women,Female,calcium,15.0,51.9,,
Pakistan,Pregnant women,Female,calcium,15.0,61.6,,
Pakistan,Women,Female,calcium,15.0,15.9,,
Pakistan,Pregnant women,Female,calcium,15.0,31.8,,
Pakistan,Women,Female,calcium,15.0,26.1,,
Panama,Adolescents,Female,calcium,15.0,8.5,,
Panama,Women,Female,calcium,15.0,18.8,,
Panama,Women,Female,calcium,20.0,18.9,,
Panama,Women,Female,calcium,25.0,11.8,,
Panama,Women,Female,calcium,30.0,27.0,,
Panama,Women,Female,calcium,35.0,19.1,,
Panama,Women,Female,calcium,40.0,22.0,,
Panama,Women,Female,calcium,45.0,18.5,,
Panama,Women,Female,calcium,15.0,41.0,,
Panama,Women,Female,calcium,15.0,12.9,,
Panama,Women,Female,calcium,15.0,19.7,,
Sudan,Women,Female,calcium,15.0,17.89,,
Sudan,Pregnant women,Female,calcium,15.0,60.34,,
Sudan,Women,Female,calcium,15.0,85.13,,
Sudan,Pregnant women,Female,calcium,15.0,92.98,,
Sudan,Women,Female,calcium,15.0,81.66,,
Sudan,Pregnant women,Female,calcium,15.0,84.62,,
Sudan,Women,Female,calcium,15.0,65.19,,
Sudan,Pregnant women,Female,calcium,15.0,62.16,,
Sudan,Women,Female,calcium,15.0,41.03,,
Sudan,Pregnant women,Female,calcium,15.0,83.87,,
Sudan,Women,Female,calcium,15.0,23.61,,
Sudan,Pregnant women,Female,calcium,15.0,66.67,,
Sudan,Women,Female,calcium,15.0,89.27,,
Sudan,Pregnant women,Female,calcium,15.0,89.55,,
Sudan,Women,Female,calcium,15.0,88.58,,
Sudan,Pregnant women,Female,calcium,15.0,93.5,,
Sudan,Women,Female,calcium,15.0,42.23,,
Sudan,Pregnant women,Female,calcium,15.0,43.75,,
Sudan,Women,Female,calcium,15.0,82.27,,
Sudan,Pregnant women,Female,calcium,15.0,83.33,,
Sudan,Women,Female,calcium,15.0,80.23,,
Sudan,Pregnant women,Female,calcium,15.0,82.86,,
Sudan,Women,Female,calcium,15.0,92.16,,
Sudan,Pregnant women,Female,calcium,15.0,98.8,,
Sudan,Women,Female,calcium,15.0,80.0,,
Sudan,Pregnant women,Female,calcium,15.0,87.5,,
Sudan,Women,Female,calcium,15.0,83.25,,
Sudan,Pregnant women,Female,calcium,15.0,84.52,,
Sudan,Women,Female,calcium,15.0,55.22,,
Sudan,Pregnant women,Female,calcium,15.0,63.98,,
Sudan,Women,Female,calcium,15.0,39.73,,
Sudan,Pregnant women,Female,calcium,15.0,62.5,,
Sudan,Women,Female,calcium,15.0,82.06,,
Sudan,Pregnant women,Female,calcium,15.0,79.66,,
Sudan,Pregnant women,Female,calcium,15.0,79.01,,
Sudan,Women,Female,calcium,15.0,88.14,,
Austria,Elderly,Female,magnesium,65.0,0.9,,
Austria,Elderly,Male,magnesium,65.0,2.4,,
Austria,Children,All,magnesium,7.0,0.0,,
Austria,Children,Female,magnesium,7.0,0.0,,
Austria,Children,Male,magnesium,7.0,0.0,,
Austria,Children,Female,magnesium,7.0,0.0,,
Austria,Children,Male,magnesium,7.0,0.0,,
Austria,Children,Female,magnesium,7.0,0.0,,
Austria,Children,Male,magnesium,7.0,0.0,,
China,Elderly,Female,magnesium,65.0,0.7,,
China,Elderly,Male,magnesium,65.0,0.9,,
China,Children,Female,magnesium,6.0,9.1,,
China,Children,Female,magnesium,6.0,13.5,,
China,Children,Female,magnesium,7.0,14.8,,
China,Children,Female,magnesium,8.0,13.3,,
China,Children,Female,magnesium,9.0,9.2,,
China,Children,Female,magnesium,10.0,19.3,,
China,Children,Female,magnesium,11.0,11.3,,
China,Children,Female,magnesium,12.0,16.9,,
China,Children,Male,magnesium,6.0,16.7,,
China,Children,Male,magnesium,6.0,10.5,,
China,Children,Male,magnesium,7.0,12.7,,
China,Children,Male,magnesium,8.0,11.9,,
China,Children,Male,magnesium,9.0,8.2,,
China,Children,Male,magnesium,10.0,10.5,,
China,Children,Male,magnesium,11.0,6.1,,
China,Children,Male,magnesium,12.0,12.4,,
United Kingdom,Children,Female,magnesium,7.0,1.0,,
Austria,Men,Male,zinc,18.0,10.7,,
Austria,Men,Male,zinc,18.0,13.4,,
Austria,Men,Male,zinc,25.0,13.4,,
Austria,Men,Male,zinc,51.0,17.0,,
Austria,Women,Female,zinc,18.0,18.1,,
Austria,Women,Female,zinc,51.0,27.5,,
Burkina Faso,Women,Female,zinc,15.0,20.4,,
Burkina Faso,Women,Female,zinc,15.0,28.7,,
Burkina Faso,Women,Female,zinc,15.0,24.6,,
Burkina Faso,Women,Female,zinc,15.0,21.3,,
Burkina Faso,Women,Female,zinc,15.0,19.4,,
Burkina Faso,Women,Female,zinc,15.0,25.7,,
Burkina Faso,Women,Female,zinc,20.0,26.4,,
Burkina Faso,Women,Female,zinc,30.0,31.8,,
Burkina Faso,Women,Female,zinc,40.0,22.9,,
Burkina Faso,Women,Female,zinc,15.0,28.0,,
Burkina Faso,Women,Female,zinc,15.0,27.8,,
Burkina Faso,Women,Female,zinc,15.0,27.2,,
Burkina Faso,Women,Female,zinc,15.0,24.7,,
Burkina Faso,Women,Female,zinc,15.0,22.0,,
Burkina Faso,Women,Female,zinc,15.0,28.1,,
Burkina Faso,Women,Female,zinc,15.0,24.7,,
Bangladesh,Women,Female,zinc,15.0,57.3,,
Bangladesh,Women,Female,zinc,15.0,57.5,,
Bangladesh,Women,Female,zinc,15.0,54.5,,
Bangladesh,Women,Female,zinc,15.0,66.4,,
Cameroon,Women,Female,zinc,15.0,83.2,,
Ecuador,Women,Female,zinc,12.0,56.1,,
Ecuador,Women,Female,zinc,20.0,56.7,,
Ecuador,Women,Female,zinc,30.0,58.8,,
Ecuador,Women,Female,zinc,40.0,58.2,,
Ecuador,Women,Female,zinc,12.0,53.7,,
Ecuador,Women,Female,zinc,12.0,49.5,,
Ecuador,Women,Female,zinc,12.0,57.4,,
Ecuador,Women,Female,zinc,12.0,62.9,,
Ecuador,Women,Female,zinc,12.0,56.5,,
Ecuador,Women,Female,zinc,12.0,61.7,,
Ecuador,Women,Female,zinc,12.0,55.6,,
Ecuador,Women,Female,zinc,12.0,46.6,,
Ecuador,Women,Female,zinc,12.0,51.0,,
Spain,Adults,All,zinc,25.0,17.8,,
Spain,Men,Male,zinc,25.0,17.1,,
Spain,Women,Female,zinc,25.0,18.5,,
Ethiopia,Women,Female,zinc,15.0,32.4,,
Ethiopia,Women,Female,zinc,15.0,31.1,,
Ethiopia,Women,Female,zinc,15.0,30.3,,
Ethiopia,Women,Female,zinc,15.0,15.1,,
Ethiopia,Women,Female,zinc,15.0,56.7,,
Ethiopia,Women,Female,zinc,15.0,12.3,,
Ethiopia,Women,Female,zinc,15.0,17.8,,
Ethiopia,Women,Female,zinc,15.0,41.3,,
Ethiopia,Women,Female,zinc,15.0,42.6,,
Ethiopia,Women,Female,zinc,15.0,37.6,,
Ethiopia,Women,Female,zinc,15.0,38.5,,
Ethiopia,Women,Female,zinc,15.0,31.8,,
Ethiopia,Women,Female,zinc,15.0,33.8,,
Ethiopia,Women,Female,zinc,20.0,33.3,,
Ethiopia,Women,Female,zinc,30.0,36.7,,
Ethiopia,Women,Female,zinc,40.0,32.0,,
Ethiopia,Women,Female,zinc,15.0,35.8,,
Ethiopia,Women,Female,zinc,15.0,30.3,,
Fiji,Women,Female,zinc,15.0,29.1,,
Fiji,Women,Female,zinc,15.0,0.0,,
Fiji,Women,Female,zinc,15.0,41.0,,
Fiji,Women,Female,zinc,15.0,0.0,,
Fiji,Women,Female,zinc,15.0,42.8,,
Fiji,Women,Female,zinc,15.0,0.0,,
Fiji,Women,Female,zinc,15.0,34.1,,
Fiji,Women,Female,zinc,15.0,0.0,,
Fiji,Women,Female,zinc,15.0,37.7,,
Fiji,Women,Female,zinc,15.0,39.2,,
Fiji,Women,Female,zinc,20.0,38.0,,
Fiji,Women,Female,zinc,25.0,43.8,,
Fiji,Women,Female,zinc,30.0,40.6,,
Fiji,Women,Female,zinc,35.0,37.1,,
Fiji,Women,Female,zinc,40.0,37.8,,
Fiji,Women,Female,zinc,15.0,0.0,,
Fiji,Women,Female,zinc,15.0,0.0,,
Fiji,Women,Female,zinc,19.0,0.0,,
Fiji,Women,Female,zinc,15.0,39.3,,
Fiji,Women,Female,zinc,15.0,39.0,,
Guatemala,Women,Female,zinc,15.0,34.1,,
Guatemala,Women,Female,zinc,15.0,18.3,,
Guatemala,Women,Female,zinc,15.0,22.8,,
Guatemala,Women,Female,zinc,15.0,10.6,,
Kenya,Men,Male,zinc,15.0,74.8,,
Kenya,Women,Female,zinc,15.0,82.3,,
Kenya,Men,Male,zinc,15.0,79.7,,
Kenya,Women,Female,zinc,15.0,82.4,,
Kenya,Men,Male,zinc,15.0,67.0,,
Kenya,Women,Female,zinc,15.0,82.4,,
Mexico,Adults,Female,zinc,20.0,41.3,,
Mexico,Men,Male,zinc,20.0,51.1,,
Mexico,Adults,Female,zinc,20.0,33.8,,
Mexico,Adults,Female,zinc,50.0,42.3,,
Mexico,Men,Male,zinc,20.0,42.4,,
Mexico,Men,Male,zinc,20.0,42.6,,
Mexico,Men,Male,zinc,30.0,31.8,,
Mexico,Men,Male,zinc,40.0,45.0,,
Mexico,Men,Male,zinc,50.0,52.2,,
Mexico,Women,Female,zinc,20.0,19.3,,
Mexico,Women,Female,zinc,30.0,30.6,,
Mexico,Women,Female,zinc,40.0,33.1,,
Mexico,Adults,Female,zinc,20.0,26.9,,
Mexico,Men,Male,zinc,20.0,42.4,,
Mexico,Adults,Female,zinc,20.0,36.1,,
Mexico,Men,Male,zinc,20.0,42.7,,
Mexico,Adults,Female,zinc,20.0,30.5,,
Mexico,Men,Male,zinc,20.0,42.7,,
Mexico,Adults,Female,zinc,20.0,30.9,,
Mexico,Men,Male,zinc,20.0,40.4,,
Mexico,Adults,Female,zinc,20.0,32.0,,
Mexico,Men,Male,zinc,20.0,29.0,,
Malawi,Men,Male,zinc,15.0,64.6,,
Malawi,Men,Male,zinc,15.0,65.7,,
Malawi,Men,Male,zinc,30.0,66.3,,
Malawi,Women,Female,zinc,15.0,61.8,,
Malawi,Women,Female,zinc,15.0,62.5,,
Malawi,Women,Female,zinc,20.0,65.0,,
Malawi,Women,Female,zinc,30.0,60.6,,
Malawi,Men,Male,zinc,15.0,67.3,,
Malawi,Women,Female,zinc,15.0,60.2,,
Malawi,Men,Male,zinc,15.0,56.1,,
Malawi,Women,Female,zinc,15.0,84.5,,
Malawi,Men,Male,zinc,15.0,61.9,,
Malawi,Women,Female,zinc,15.0,58.7,,
Malawi,Men,Male,zinc,15.0,57.5,,
Malawi,Women,Female,zinc,15.0,58.1,,
Malawi,Men,Male,zinc,15.0,73.8,,
Malawi,Women,Female,zinc,15.0,67.0,,
Nigeria,Women,Female,zinc,15.0,23.7,,
Nigeria,Women,Female,zinc,15.0,48.8,,
Nigeria,Women,Female,zinc,15.0,25.5,,
Nigeria,Women,Female,zinc,15.0,25.3,,
Nigeria,Women,Female,zinc,15.0,35.1,,
Nigeria,Women,Female,zinc,20.0,38.2,,
Nigeria,Women,Female,zinc,30.0,35.6,,
Nigeria,Women,Female,zinc,40.0,33.8,,
Nigeria,Women,Female,zinc,15.0,49.3,,
Nigeria,Women,Female,zinc,15.0,43.1,,
Nigeria,Women,Female,zinc,15.0,35.1,,
Nigeria,Women,Female,zinc,15.0,29.9,,
Nigeria,Women,Female,zinc,15.0,32.2,,
Nigeria,Women,Female,zinc,15.0,41.3,,
Nigeria,Women,Female,zinc,15.0,27.0,,
Nigeria,Women,Female,zinc,15.0,20.3,,
Nigeria,Women,Female,zinc,15.0,32.9,,
Nigeria,Women,Female,zinc,15.0,60.3,,
Nigeria,Women,Female,zinc,15.0,15.5,,
Nigeria,Women,Female,zinc,15.0,28.0,,
Nigeria,Women,Female,zinc,15.0,23.9,,
Nepal,Women,Female,zinc,15.0,21.6,,
Nepal,Women,Female,zinc,15.0,28.4,,
Nepal,Women,Female,zinc,15.0,31.5,,
Nepal,Women,Female,zinc,15.0,26.5,,
Nepal,Women,Female,zinc,15.0,19.7,,
Nepal,Women,Female,zinc,15.0,24.3,,
Nepal,Women,Female,zinc,20.0,21.7,,
Nepal,Women,Female,zinc,30.0,27.6,,
Nepal,Women,Female,zinc,40.0,25.1,,
Nepal,Women,Female,zinc,15.0,30.9,,
Nepal,Women,Female,zinc,15.0,25.0,,
Nepal,Women,Female,zinc,15.0,20.0,,
Nepal,Women,Female,zinc,15.0,24.3,,
Nepal,Women,Female,zinc,15.0,28.5,,
Nepal,Women,Female,zinc,15.0,23.9,,
Pakistan,Women,Female,zinc,15.0,64.8,,
Pakistan,Women,Female,zinc,15.0,17.3,,
Pakistan,Women,Female,zinc,15.0,17.9,,
Pakistan,Women,Female,zinc,15.0,12.6,,
Pakistan,Women,Female,zinc,15.0,43.7,,
Pakistan,Women,Female,zinc,15.0,22.8,,
Pakistan,Women,Female,zinc,15.0,25.8,,
Pakistan,Women,Female,zinc,15.0,14.9,,
Pakistan,Women,Female,zinc,15.0,9.4,,
Pakistan,Women,Female,zinc,15.0,63.7,,
Pakistan,Women,Female,zinc,15.0,17.8,,
Pakistan,Women,Female,zinc,15.0,18.4,,
Pakistan,Women,Female,zinc,15.0,15.7,,
Pakistan,Women,Female,zinc,15.0,16.4,,
Pakistan,Women,Female,zinc,15.0,11.1,,
Pakistan,Women,Female,zinc,15.0,22.3,,
Pakistan,Women,Female,zinc,15.0,48.3,,
Pakistan,Women,Female,zinc,15.0,16.0,,
Pakistan,Women,Female,zinc,15.0,15.0,,
Pakistan,Women,Female,zinc,15.0,11.2,,
Pakistan,Women,Female,zinc,15.0,40.2,,
Pakistan,Women,Female,zinc,15.0,23.1,,
Pakistan,Women,Female,zinc,15.0,26.6,,
Pakistan,Women,Female,zinc,15.0,17.3,,
Pakistan,Women,Female,zinc,15.0,38.5,,
Pakistan,Women,Female,zinc,15.0,20.4,,
Pakistan,Women,Female,zinc,15.0,21.6,,
Pakistan,Women,Female,zinc,15.0,19.5,,
Pakistan,Women,Female,zinc,15.0,40.1,,
Pakistan,Women,Female,zinc,15.0,41.3,,
Pakistan,Women,Female,zinc,15.0,16.6,,
Pakistan,Women,Female,zinc,15.0,22.7,,
Pakistan,Women,Female,zinc,15.0,20.4,,
Pakistan,Women,Female,zinc,15.0,16.0,,
Pakistan,Women,Female,zinc,15.0,21.2,,
Pakistan,Women,Female,zinc,15.0,24.4,,
Pakistan,Women,Female,zinc,15.0,22.8,,
Pakistan,Women,Female,zinc,15.0,22.4,,
Pakistan,Women,Female,zinc,15.0,20.8,,
Pakistan,Women,Female,zinc,15.0,19.5,,
Pakistan,Women,Female,zinc,15.0,42.7,,
Pakistan,Women,Female,zinc,15.0,23.4,,
Pakistan,Women,Female,zinc,15.0,38.2,,
Pakistan,Women,Female,zinc,15.0,17.8,,
Philippines,Adults,All,zinc,20.0,37.3,,
Philippines,Adults,All,zinc,20.0,34.6,,
Philippines,Adults,All,zinc,20.0,19.7,,
Philippines,Adults,All,zinc,20.0,18.9,,
Philippines,Adults,All,zinc,20.0,37.3,,
Philippines,Adults,All,zinc,20.0,14.8,,
Philippines,Adults,All,zinc,20.0,17.2,,
Philippines,Adults,All,zinc,20.0,30.8,,
Philippines,Adults,All,zinc,20.0,23.2,,
Philippines,Adults,All,zinc,20.0,30.2,,
Philippines,Adults,All,zinc,20.0,13.3,,
Philippines,Adults,All,zinc,20.0,30.3,,
Philippines,Adults,All,zinc,20.0,44.3,,
Philippines,Adults,All,zinc,20.0,36.1,,
Philippines,Adults,All,zinc,20.0,45.4,,
Philippines,Adults,All,zinc,20.0,39.8,,
Philippines,Adults,All,zinc,20.0,37.7,,
Philippines,Adults,All,zinc,20.0,28.1,,
Philippines,Men,Male,zinc,20.0,27.8,,
Philippines,Women,Female,zinc,20.0,28.4,,
Philippines,Adults,All,zinc,20.0,27.1,,
Philippines,Adults,All,zinc,20.0,29.0,,
Philippines,Adults,All,zinc,20.0,25.8,,
Philippines,Adults,All,zinc,20.0,33.9,,
Philippines,Adults,All,zinc,20.0,28.4,,
Senegal,Women,Female,zinc,15.0,67.3,,
Senegal,Women,Female,zinc,15.0,67.2,,
Senegal,Women,Female,zinc,20.0,63.7,,
Senegal,Women,Female,zinc,30.0,72.3,,
Senegal,Women,Female,zinc,40.0,67.8,,
Viet Nam,Women,Female,zinc,15.0,67.2,,
Viet Nam,Women,Female,zinc,15.0,71.1,,
Viet Nam,Women,Female,zinc,15.0,62.9,,
Cambodia,Women,All,ferritin,,8.3,,
Cambodia,Women,Female,ferritin,,4.3,,
Mongolia,Men,Male,ferritin,,0.0,,
Mongolia,Pregnant women,Female,ferritin,,16.6,,
Mongolia,Women,All,ferritin,,19.4,,
Mongolia,Men,Male,ferritin,,0.3,,
Mongolia,Men,Male,ferritin,,0.4,,
Mongolia,Men,Male,ferritin,,0.3,,
Mongolia,Men,Male,ferritin,,0.0,,
Mongolia,Pregnant women,Female,ferritin,,17.1,,
Mongolia,Pregnant women,Female,ferritin,,8.3,,
Mongolia,Pregnant women,Female,ferritin,,22.6,,
Mongolia,Pregnant women,Female,ferritin,,5.8,,
Mongolia,Pregnant women,Female,ferritin,,13.5,,
Mongolia,Pregnant women,Female,ferritin,,15.0,,
Mongolia,Pregnant women,Female,ferritin,,10.0,,
Mongolia,Women,All,ferritin,,36.7,,
Mongolia,Women,All,ferritin,,22.6,,
Mongolia,Women,All,ferritin,,35.4,,
Mongolia,Women,All,ferritin,,19.6,,
Mongolia,Women,All,ferritin,,8.0,,
Mongolia,Women,Female,ferritin,,19.3,,
Mongolia,Women,Male,ferritin,,26.0,,
Mongolia,Men,Male,ferritin,,0.4,,
Mongolia,Pregnant women,Female,ferritin,,11.9,,
Mongolia,Women,All,ferritin,,26.6,,
Mongolia,Men,Male,ferritin,,0.2,,
Mongolia,Pregnant women,Female,ferritin,,14.8,,
Mongolia,Women,All,ferritin,,20.5,,
Mongolia,Men,Male,ferritin,,0.0,,
Mongolia,Pregnant women,Female,ferritin,,9.9,,
Mongolia,Women,All,ferritin,,19.8,,
Mongolia,Men,Male,ferritin,,0.0,,
Mongolia,Pregnant women,Female,ferritin,,10.8,,
Mongolia,Women,All,ferritin,,24.7,,
Mongolia,Men,Male,ferritin,,0.0,,
Mongolia,Pregnant women,Female,ferritin,,13.6,,
Mongolia,Women,All,ferritin,,26.0,,
Mongolia,Men,Male,ferritin,,2.5,,
Mongolia,Pregnant women,Female,ferritin,,16.5,,
Mongolia,Women,All,ferritin,,30.4,,
Malawi,Men,Male,ferritin,,1.4,,
Malawi,Women,Female,ferritin,,10.6,,
Malawi,Women,All,ferritin,,17.7,,
Malawi,Children,All,ferritin,,1.2,,
Senegal,Adolescents,All,ferritin,,15.2,,
Senegal,Children,All,ferritin,,20.4,,
Senegal,Children,All,ferritin,,17.7,,
Tajikistan,Women,Female,ferritin,,8.5,,
Tajikistan,Women,All,ferritin,,6.6,,
Tajikistan,Women,Female,ferritin,,11.9,,
Tajikistan,Women,All,ferritin,,24.6,,
Tajikistan,Women,Female,ferritin,,9.1,,
Tajikistan,Women,All,ferritin,,14.5,,
Tajikistan,Women,Female,ferritin,,13.7,,
Tajikistan,Women,All,ferritin,,10.1,,
Tajikistan,Women,Female,ferritin,,8.7,,
Tajikistan,Women,All,ferritin,,22.3,,
Tajikistan,Women,Female,ferritin,,10.4,,
Tajikistan,Women,All,ferritin,,15.1,,
Timor-Leste,Women,Female,ferritin,,19.2,,
Timor-Leste,Women,Female,ferritin,,17.9,,
Timor-Leste,Women,Female,ferritin,,14.9,,
Timor-Leste,Women,All,ferritin,,42.6,,
Timor-Leste,Women,All,ferritin,,23.2,,
Timor-Leste,Women,All,ferritin,,8.7,,
Timor-Leste,Women,Female,ferritin,,18.6,,
Timor-Leste,Women,Male,ferritin,,27.5,,
Timor-Leste,Women,Female,ferritin,,20.2,,
Timor-Leste,Women,All,ferritin,,21.8,,
Timor-Leste,Women,Female,ferritin,,14.0,,
Timor-Leste,Women,All,ferritin,,25.9,,
United States of America,Women,All,ferritin,,13.5,,
United States of America,Women,All,ferritin,,7.1,,
United States of America,Women,All,ferritin,,3.7,,
Canada,Adults,All,homocysteine,20.0,3.2,,
Canada,Adults,All,homocysteine,46.0,5.8,,
United Kingdom,Adults,All,homocysteine,19.0,15.2,32.5,
United Kingdom,Adults,All,homocysteine,19.0,20.3,36.3,
United Kingdom,Adults,All,homocysteine,19.0,17.4,39.9,
United Kingdom,Adults,All,homocysteine,19.0,13.2,31.7,
Canada,Men,Male,homocysteine,20.0,4.8,,
Canada,Men,Male,homocysteine,46.0,7.6,,
Costa Rica,Men,Male,homocysteine,20.0,13.8,,
Costa Rica,Men,Male,homocysteine,20.0,14.7,,
Costa Rica,Men,Male,homocysteine,20.0,12.7,,
Costa Rica,Men,Male,homocysteine,20.0,13.9,,
United Kingdom,Men,Male,homocysteine,19.0,41.0,25.0,
United Kingdom,Men,Male,homocysteine,19.0,33.0,29.0,
United Kingdom,Men,Male,homocysteine,25.0,26.0,31.0,
United Kingdom,Men,Male,homocysteine,35.0,31.0,25.0,
United Kingdom,Men,Male,homocysteine,50.0,37.0,33.0,
United Kingdom,Men,Male,homocysteine,19.0,19.2,39.6,
United Kingdom,Men,Male,homocysteine,19.0,21.1,38.8,
United Kingdom,Men,Male,homocysteine,19.0,16.9,42.3,
United Kingdom,Men,Male,homocysteine,19.0,11.6,37.1,
Canada,Women,Female,homocysteine,46.0,4.1,,
Costa Rica,Women,Female,homocysteine,45.0,11.1,,
Costa Rica,Women,Female,homocysteine,45.0,53.1,,
Costa Rica,Women,Female,homocysteine,45.0,36.8,,
Costa Rica,Women,Female,homocysteine,45.0,10.1,,
United Kingdom,Women,Female,homocysteine,19.0,11.5,25.9,
United Kingdom,Women,Female,homocysteine,19.0,19.3,33.6,
United Kingdom,Women,Female,homocysteine,19.0,18.0,37.5,
United Kingdom,Women,Female,homocysteine,19.0,14.6,27.2,
Ecuador,Adults,All,folate_rbc,20.0,1.1,,
Ecuador,Adults,All,folate_rbc,30.0,1.1,,
Ecuador,Adults,All,folate_rbc,40.0,0.1,,
Ecuador,Adults,All,folate_rbc,50.0,0.2,,
United Kingdom,Men,Male,folate_rbc,19.0,13.0,,
United Kingdom,Men,Male,folate_rbc,19.0,5.0,,
United Kingdom,Men,Male,folate_rbc,25.0,4.0,,
United Kingdom,Men,Male,folate_rbc,35.0,5.0,,
United Kingdom,Men,Male,folate_rbc,50.0,2.0,,
United Kingdom,Adults,All,folate_rbc,19.0,8.0,,
United Kingdom,Men,Male,folate_rbc,19.0,5.0,,
United Kingdom,Women,Female,folate_rbc,19.0,10.0,,
United Kingdom,Adults,All,folate_rbc,19.0,10.0,,
United Kingdom,Men,Male,folate_rbc,19.0,11.0,,
United Kingdom,Women,Female,folate_rbc,19.0,9.0,,
United Kingdom,Adults,All,folate_rbc,19.0,9.0,,
United Kingdom,Men,Male,folate_rbc,19.0,8.0,,
United Kingdom,Women,Female,folate_rbc,19.0,10.0,,
United Kingdom,Adults,All,folate_rbc,19.0,14.0,,
United Kingdom,Men,Male,folate_rbc,19.0,13.0,,
United Kingdom,Women,Female,folate_rbc,19.0,14.0,,
United Kingdom,Adults,All,folate_rbc,19.0,16.0,,
United Kingdom,Men,Male,folate_rbc,19.0,11.0,,
United Kingdom,Women,Female,folate_rbc,19.0,21.0,,
United Kingdom,Adults,All,folate_rbc,19.0,24.0,,
United Kingdom,Men,Male,folate_rbc,19.0,22.0,,
United Kingdom,Women,Female,folate_rbc,19.0,26.0,,
United Kingdom,Adults,All,folate_rbc,19.0,12.0,,
United Kingdom,Men,Male,folate_rbc,19.0,9.0,,
United Kingdom,Women,Female,folate_rbc,19.0,17.0,,
United Kingdom,Adults,All,folate_rbc,19.0,11.0,,
United Kingdom,Men,Male,folate_rbc,19.0,8.0,,
United Kingdom,Women,Female,folate_rbc,19.0,15.0,,
United Kingdom,Adults,All,folate_rbc,19.0,5.0,,
United Kingdom,Men,Male,folate_rbc,19.0,1.0,,
United Kingdom,Women,Female,folate_rbc,19.0,9.0,,
Ireland,Adults,All,folate_rbc,18.0,6.0,,
New Zealand,Adults,All,folate_rbc,15.0,2.2,,
New Zealand,Men,Male,folate_rbc,15.0,1.8,,
New Zealand,Men,Male,folate_rbc,19.0,4.5,,
New Zealand,Men,Male,folate_rbc,31.0,1.6,,
New Zealand,Men,Male,folate_rbc,51.0,0.4,,
New Zealand,Women,Female,folate_rbc,51.0,1.0,,
Sweden,Adults,All,folate_rbc,18.0,2.0,,
Sweden,Women,Female,folate_rbc,18.0,3.0,,
United States of America,Adults,All,folate_rbc,40.0,0.4,,
Ecuador,Adults,Female,folate_plasma,50.0,1.5,,
Spain,Adults,All,folate_plasma,25.0,2.1,,
Spain,Men,Male,folate_plasma,25.0,0.8,,
Spain,Women,Female,folate_plasma,25.0,3.0,,
Ethiopia,Men,Male,folate_plasma,15.0,0.0,,
Ethiopia,Men,Male,folate_plasma,15.0,4.5,,
Ethiopia,Men,Male,folate_plasma,15.0,1.3,,
Ethiopia,Men,Male,folate_plasma,15.0,0.7,,
Ethiopia,Men,Male,folate_plasma,15.0,2.5,,
Ethiopia,Men,Male,folate_plasma,15.0,0.0,,
Ethiopia,Men,Male,folate_plasma,15.0,1.4,,
France,Adults,All,folate_plasma,18.0,1.2,,
France,Adults,Female,folate_plasma,18.0,1.9,,
France,Adults,Male,folate_plasma,18.0,0.5,,
United Kingdom,Adults,All,folate_plasma,19.0,2.0,,
United Kingdom,Men,Male,folate_plasma,19.0,0.0,,
United Kingdom,Women,Female,folate_plasma,19.0,3.0,,
United Kingdom,Adults,All,folate_plasma,19.0,3.0,,
United Kingdom,Men,Male,folate_plasma,19.0,1.0,,
United Kingdom,Women,Female,folate_plasma,19.0,6.0,,
United Kingdom,Adults,All,folate_plasma,19.0,2.6,,
United Kingdom,Men,Male,folate_plasma,19.0,0.3,,
United Kingdom,Women,Female,folate_plasma,19.0,4.7,,
United Kingdom,Adults,All,folate_plasma,19.0,2.0,,
United Kingdom,Men,Male,folate_plasma,19.0,1.0,,
United Kingdom,Women,Female,folate_plasma,19.0,3.0,,
United Kingdom,Adults,All,folate_plasma,19.0,3.0,,
United Kingdom,Men,Male,folate_plasma,19.0,1.0,,
United Kingdom,Women,Female,folate_plasma,19.0,5.0,,
United Kingdom,Adults,All,folate_plasma,19.0,3.0,,
United Kingdom,Men,Male,folate_plasma,19.0,0.0,,
United Kingdom,Women,Female,folate_plasma,19.0,5.0,,
United Kingdom,Adults,All,folate_plasma,19.0,2.0,,
United Kingdom,Men,Male,folate_plasma,19.0,0.0,,
United Kingdom,Women,Female,folate_plasma,19.0,4.2,,
United Kingdom,Adults,All,folate_plasma,19.0,1.9,,
United Kingdom,Men,Male,folate_plasma,19.0,0.8,,
United Kingdom,Women,Female,folate_plasma,19.0,3.0,,
United Kingdom,Adults,All,folate_plasma,19.0,3.0,,
United Kingdom,Men,Male,folate_plasma,19.0,2.0,,
United Kingdom,Women,Female,folate_plasma,19.0,3.9,,
Iran,Men,Male,folate_plasma,45.0,2.1,,
Iran,Women,Female,folate_plasma,50.0,6.2,,
Iran,Adults,All,folate_plasma,50.0,3.0,,
Iran,Men,Male,folate_plasma,45.0,0.0,,
Iran,Women,Female,folate_plasma,50.0,5.3,,
Iran,Men,Male,folate_plasma,45.0,0.6,,
Iran,Women,Female,folate_plasma,50.0,6.0,,
Kenya,Men,Male,folate_plasma,15.0,2.9,,
Kenya,Men,Male,folate_plasma,15.0,3.5,,
Kenya,Men,Male,folate_plasma,15.0,2.0,,
 Korea,Men,Male,folate_plasma,18.0,0.3,,
 Korea,Men,Male,folate_plasma,50.0,1.1,,
 Korea,Men,Male,folate_plasma,50.0,1.3,,
 Korea,Men,Male,folate_plasma,55.0,1.5,,
 Korea,Women,Female,folate_plasma,50.0,5.5,,
 Korea,Women,Female,folate_plasma,50.0,3.7,,
 Korea,Women,Female,folate_plasma,55.0,0.9,,
Mexico,Men,Male,folate_plasma,20.0,10.0,,
Mexico,Men,Male,folate_plasma,20.0,1.5,,
Mexico,Men,Male,folate_plasma,30.0,7.2,,
Mexico,Men,Male,folate_plasma,40.0,8.5,,
Mexico,Men,Male,folate_plasma,50.0,10.6,,
Mexico,Men,Male,folate_plasma,65.0,19.9,,
Mongolia,Men,Male,folate_plasma,15.0,0.0,,
Mongolia,Men,Male,folate_plasma,15.0,0.1,,
Mongolia,Men,Male,folate_plasma,20.0,0.0,,
Mongolia,Men,Male,folate_plasma,30.0,0.3,,
Mongolia,Men,Male,folate_plasma,40.0,0.0,,
Mongolia,Men,Male,folate_plasma,15.0,0.0,,
Mongolia,Men,Male,folate_plasma,15.0,0.2,,
Mongolia,Men,Male,folate_plasma,15.0,0.0,,
Mongolia,Men,Male,folate_plasma,15.0,0.0,,
Mongolia,Men,Male,folate_plasma,15.0,0.0,,
Mongolia,Men,Male,folate_plasma,15.0,1.3,,
Malawi,Men,Male,folate_plasma,20.0,0.0,,
Malawi,Men,Male,folate_plasma,20.0,6.9,,
Malawi,Men,Male,folate_plasma,20.0,2.4,,
Malawi,Men,Male,folate_plasma,20.0,3.4,,
Malawi,Men,Male,folate_plasma,30.0,0.0,,
Malawi,Men,Male,folate_plasma,30.0,2.6,,
Malawi,Men,Male,folate_plasma,40.0,12.0,,
Malawi,Men,Male,folate_plasma,40.0,0.0,,
Malawi,Men,Male,folate_plasma,50.0,0.0,,
Malawi,Men,Male,folate_plasma,50.0,0.0,,
Malawi,Men,Male,folate_plasma,20.0,0.4,,
Malawi,Men,Male,folate_plasma,20.0,8.9,,
Malawi,Men,Male,folate_plasma,15.0,0.0,,
Malawi,Men,Male,folate_plasma,15.0,0.0,,
Malawi,Men,Male,folate_plasma,30.0,0.0,,
Malawi,Men,Male,folate_plasma,20.0,2.8,,
Malawi,Men,Male,folate_plasma,20.0,3.7,,
Malawi,Men,Male,folate_plasma,15.0,0.0,,
Malawi,Men,Male,folate_plasma,20.0,0.0,,
Malawi,Men,Male,folate_plasma,20.0,0.0,,
Malawi,Men,Male,folate_plasma,15.0,0.0,,
Malawi,Men,Male,folate_plasma,20.0,3.8,,
Malawi,Men,Male,folate_plasma,20.0,7.9,,
Malawi,Men,Male,folate_plasma,15.0,0.0,,
Malawi,Men,Male,folate_plasma,15.0,0.0,,
Malawi,Men,Male,folate_plasma,20.0,0.0,,
Malawi,Men,Male,folate_plasma,20.0,0.0,,
Malawi,Men,Male,folate_plasma,15.0,0.0,,
Malawi,Men,Male,folate_plasma,20.0,0.0,,
Malawi,Men,Male,folate_plasma,20.0,0.0,,
New Zealand,Adults,All,folate_plasma,15.0,2.1,,
New Zealand,Adults,Female,folate_plasma,15.0,3.5,,
New Zealand,Men,Male,folate_plasma,15.0,0.6,,
New Zealand,Men,Male,folate_plasma,19.0,0.0,,
New Zealand,Men,Male,folate_plasma,31.0,1.3,,
New Zealand,Men,Male,folate_plasma,51.0,0.3,,
New Zealand,Women,Female,folate_plasma,51.0,2.1,,
Philippines,Adults,All,folate_plasma,20.0,54.4,,
Ecuador,Adults,Female,Hemoglobin,50.0,1.5,,
Spain,Adults,All,Hemoglobin,25.0,2.1,,
Spain,Men,Male,Hemoglobin,25.0,0.8,,
Spain,Women,Female,Hemoglobin,25.0,3.0,,
Ethiopia,Men,Male,Hemoglobin,15.0,0.0,,
Ethiopia,Men,Male,Hemoglobin,15.0,4.5,,
Ethiopia,Men,Male,Hemoglobin,15.0,1.3,,
Ethiopia,Men,Male,Hemoglobin,15.0,0.7,,
Ethiopia,Men,Male,Hemoglobin,15.0,2.5,,
Ethiopia,Men,Male,Hemoglobin,15.0,0.0,,
Ethiopia,Men,Male,Hemoglobin,15.0,1.4,,
France,Adults,All,Hemoglobin,18.0,1.2,,
France,Adults,Female,Hemoglobin,18.0,1.9,,
France,Adults,Male,Hemoglobin,18.0,0.5,,
United Kingdom,Adults,All,Hemoglobin,19.0,2.0,,
United Kingdom,Men,Male,Hemoglobin,19.0,0.0,,
United Kingdom,Women,Female,Hemoglobin,19.0,3.0,,
United Kingdom,Adults,All,Hemoglobin,19.0,3.0,,
United Kingdom,Men,Male,Hemoglobin,19.0,1.0,,
United Kingdom,Women,Female,Hemoglobin,19.0,6.0,,
United Kingdom,Adults,All,Hemoglobin,19.0,2.6,,
United Kingdom,Men,Male,Hemoglobin,19.0,0.3,,
United Kingdom,Women,Female,Hemoglobin,19.0,4.7,,
United Kingdom,Adults,All,Hemoglobin,19.0,2.0,,
United Kingdom,Men,Male,Hemoglobin,19.0,1.0,,
United Kingdom,Women,Female,Hemoglobin,19.0,3.0,,
United Kingdom,Adults,All,Hemoglobin,19.0,3.0,,
United Kingdom,Men,Male,Hemoglobin,19.0,1.0,,
United Kingdom,Women,Female,Hemoglobin,19.0,5.0,,
United Kingdom,Adults,All,Hemoglobin,19.0,3.0,,
United Kingdom,Men,Male,Hemoglobin,19.0,0.0,,
United Kingdom,Women,Female,Hemoglobin,19.0,5.0,,
United Kingdom,Adults,All,Hemoglobin,19.0,2.0,,
United Kingdom,Men,Male,Hemoglobin,19.0,0.0,,
United Kingdom,Women,Female,Hemoglobin,19.0,4.2,,
United Kingdom,Adults,All,Hemoglobin,19.0,1.9,,
United Kingdom,Men,Male,Hemoglobin,19.0,0.8,,
United Kingdom,Women,Female,Hemoglobin,19.0,3.0,,
United Kingdom,Adults,All,Hemoglobin,19.0,3.0,,
United Kingdom,Men,Male,Hemoglobin,19.0,2.0,,
United Kingdom,Women,Female,Hemoglobin,19.0,3.9,,
Iran,Men,Male,Hemoglobin,45.0,2.1,,
Iran,Women,Female,Hemoglobin,50.0,6.2,,
Iran,Adults,All,Hemoglobin,50.0,3.0,,
Iran,Men,Male,Hemoglobin,45.0,0.0,,
Iran,Women,Female,Hemoglobin,50.0,5.3,,
Iran,Men,Male,Hemoglobin,45.0,0.6,,
Iran,Women,Female,Hemoglobin,50.0,6.0,,
Kenya,Men,Male,Hemoglobin,15.0,2.9,,
Kenya,Men,Male,Hemoglobin,15.0,3.5,,
Kenya,Men,Male,Hemoglobin,15.0,2.0,,
Korea,Men,Male,Hemoglobin,18.0,0.3,,
 Korea,Men,Male,Hemoglobin,50.0,1.1,,
 Korea,Men,Male,Hemoglobin,50.0,1.3,,
 Korea,Men,Male,Hemoglobin,55.0,1.5,,
 Korea,Women,Female,Hemoglobin,50.0,5.5,,
 Korea,Women,Female,Hemoglobin,50.0,3.7,,
 Korea,Women,Female,Hemoglobin,55.0,0.9,,
Mexico,Men,Male,Hemoglobin,20.0,10.0,,
Mexico,Men,Male,Hemoglobin,20.0,1.5,,
Mexico,Men,Male,Hemoglobin,30.0,7.2,,
Mexico,Men,Male,Hemoglobin,40.0,8.5,,
Mexico,Men,Male,Hemoglobin,50.0,10.6,,
Mexico,Men,Male,Hemoglobin,65.0,19.9,,
Mongolia,Men,Male,Hemoglobin,15.0,0.0,,
Mongolia,Men,Male,Hemoglobin,15.0,0.1,,
Mongolia,Men,Male,Hemoglobin,20.0,0.0,,
Mongolia,Men,Male,Hemoglobin,30.0,0.3,,
Mongolia,Men,Male,Hemoglobin,40.0,0.0,,
Mongolia,Men,Male,Hemoglobin,15.0,0.0,,
Mongolia,Men,Male,Hemoglobin,15.0,0.2,,
Mongolia,Men,Male,Hemoglobin,15.0,0.0,,
Mongolia,Men,Male,Hemoglobin,15.0,0.0,,
Mongolia,Men,Male,Hemoglobin,15.0,0.0,,
Mongolia,Men,Male,Hemoglobin,15.0,1.3,,
Malawi,Men,Male,Hemoglobin,20.0,0.0,,
Malawi,Men,Male,Hemoglobin,20.0,6.9,,
Malawi,Men,Male,Hemoglobin,20.0,2.4,,
Malawi,Men,Male,Hemoglobin,20.0,3.4,,
Malawi,Men,Male,Hemoglobin,30.0,0.0,,
Malawi,Men,Male,Hemoglobin,30.0,2.6,,
Malawi,Men,Male,Hemoglobin,40.0,12.0,,
Malawi,Men,Male,Hemoglobin,40.0,0.0,,
Malawi,Men,Male,Hemoglobin,50.0,0.0,,
Malawi,Men,Male,Hemoglobin,50.0,0.0,,
Malawi,Men,Male,Hemoglobin,20.0,0.4,,
Malawi,Men,Male,Hemoglobin,20.0,8.9,,
Malawi,Men,Male,Hemoglobin,15.0,0.0,,
Malawi,Men,Male,Hemoglobin,15.0,0.0,,
Malawi,Men,Male,Hemoglobin,30.0,0.0,,
Malawi,Men,Male,Hemoglobin,20.0,2.8,,
Malawi,Men,Male,Hemoglobin,20.0,3.7,,
Malawi,Men,Male,Hemoglobin,15.0,0.0,,
Malawi,Men,Male,Hemoglobin,20.0,0.0,,
Malawi,Men,Male,Hemoglobin,20.0,0.0,,
Malawi,Men,Male,Hemoglobin,15.0,0.0,,
Malawi,Men,Male,Hemoglobin,20.0,3.8,,
Malawi,Men,Male,Hemoglobin,20.0,7.9,,
Malawi,Men,Male,Hemoglobin,15.0,0.0,,
Malawi,Men,Male,Hemoglobin,15.0,0.0,,
Malawi,Men,Male,Hemoglobin,20.0,0.0,,
Malawi,Men,Male,Hemoglobin,20.0,0.0,,
Malawi,Men,Male,Hemoglobin,15.0,0.0,,
Malawi,Men,Male,Hemoglobin,20.0,0.0,,
Malawi,Men,Male,Hemoglobin,20.0,0.0,,
New Zealand,Adults,All,Hemoglobin,15.0,2.1,,
New Zealand,Adults,Female,Hemoglobin,15.0,3.5,,
New Zealand,Men,Male,Hemoglobin,15.0,0.6,,
New Zealand,Men,Male,Hemoglobin,19.0,0.0,,
New Zealand,Men,Male,Hemoglobin,31.0,1.3,,
New Zealand,Men,Male,Hemoglobin,51.0,0.3,,
New Zealand,Women,Female,Hemoglobin,51.0,2.1,,
Philippines,Adults,All,Hemoglobin,20.0,54.4,,
Ecuador,Adults,Female,iron_deficiency_anemia,50.0,1.5,,
Spain,Adults,All,iron_deficiency_anemia,25.0,2.1,,
Spain,Men,Male,iron_deficiency_anemia,25.0,0.8,,
Spain,Women,Female,iron_deficiency_anemia,25.0,3.0,,
Ethiopia,Men,Male,iron_deficiency_anemia,15.0,0.0,,
Ethiopia,Men,Male,iron_deficiency_anemia,15.0,4.5,,
Ethiopia,Men,Male,iron_deficiency_anemia,15.0,1.3,,
Ethiopia,Men,Male,iron_deficiency_anemia,15.0,0.7,,
Ethiopia,Men,Male,iron_deficiency_anemia,15.0,2.5,,
Ethiopia,Men,Male,iron_deficiency_anemia,15.0,0.0,,
Ethiopia,Men,Male,iron_deficiency_anemia,15.0,1.4,,
France,Adults,All,iron_deficiency_anemia,18.0,1.2,,
France,Adults,Female,iron_deficiency_anemia,18.0,1.9,,
France,Adults,Male,iron_deficiency_anemia,18.0,0.5,,
United Kingdom,Adults,All,iron_deficiency_anemia,19.0,2.0,,
United Kingdom,Men,Male,iron_deficiency_anemia,19.0,0.0,,
United Kingdom,Women,Female,iron_deficiency_anemia,19.0,3.0,,
United Kingdom,Adults,All,iron_deficiency_anemia,19.0,3.0,,
United Kingdom,Men,Male,iron_deficiency_anemia,19.0,1.0,,
United Kingdom,Women,Female,iron_deficiency_anemia,19.0,6.0,,
United Kingdom,Adults,All,iron_deficiency_anemia,19.0,2.6,,
United Kingdom,Men,Male,iron_deficiency_anemia,19.0,0.3,,
United Kingdom,Women,Female,iron_deficiency_anemia,19.0,4.7,,
United Kingdom,Adults,All,iron_deficiency_anemia,19.0,2.0,,
United Kingdom,Men,Male,iron_deficiency_anemia,19.0,1.0,,
United Kingdom,Women,Female,iron_deficiency_anemia,19.0,3.0,,
United Kingdom,Adults,All,iron_deficiency_anemia,19.0,3.0,,
United Kingdom,Men,Male,iron_deficiency_anemia,19.0,1.0,,
United Kingdom,Women,Female,iron_deficiency_anemia,19.0,5.0,,
United Kingdom,Adults,All,iron_deficiency_anemia,19.0,3.0,,
United Kingdom,Men,Male,iron_deficiency_anemia,19.0,0.0,,
United Kingdom,Women,Female,iron_deficiency_anemia,19.0,5.0,,
United Kingdom,Adults,All,iron_deficiency_anemia,19.0,2.0,,
United Kingdom,Men,Male,iron_deficiency_anemia,19.0,0.0,,
United Kingdom,Women,Female,iron_deficiency_anemia,19.0,4.2,,
United Kingdom,Adults,All,iron_deficiency_anemia,19.0,1.9,,
United Kingdom,Men,Male,iron_deficiency_anemia,19.0,0.8,,
United Kingdom,Women,Female,iron_deficiency_anemia,19.0,3.0,,
United Kingdom,Adults,All,iron_deficiency_anemia,19.0,3.0,,
United Kingdom,Men,Male,iron_deficiency_anemia,19.0,2.0,,
United Kingdom,Women,Female,iron_deficiency_anemia,19.0,3.9,,
Iran,Men,Male,iron_deficiency_anemia,45.0,2.1,,
Iran,Women,Female,iron_deficiency_anemia,50.0,6.2,,
Iran,Adults,All,iron_deficiency_anemia,50.0,3.0,,
Iran,Men,Male,iron_deficiency_anemia,45.0,0.0,,
Iran,Women,Female,iron_deficiency_anemia,50.0,5.3,,
Iran,Men,Male,iron_deficiency_anemia,45.0,0.6,,
Iran,Women,Female,iron_deficiency_anemia,50.0,6.0,,
Kenya,Men,Male,iron_deficiency_anemia,15.0,2.9,,
Kenya,Men,Male,iron_deficiency_anemia,15.0,3.5,,
Kenya,Men,Male,iron_deficiency_anemia,15.0,2.0,,
Korea,Men,Male,iron_deficiency_anemia,18.0,0.3,,
Korea,Men,Male,iron_deficiency_anemia,50.0,1.1,,
Korea,Men,Male,iron_deficiency_anemia,50.0,1.3,,
Korea,Men,Male,iron_deficiency_anemia,55.0,1.5,,
Korea,Women,Female,iron_deficiency_anemia,50.0,5.5,,
Korea,Women,Female,iron_deficiency_anemia,50.0,3.7,,
Korea,Women,Female,iron_deficiency_anemia,55.0,0.9,,
Mexico,Men,Male,iron_deficiency_anemia,20.0,10.0,,
Mexico,Men,Male,iron_deficiency_anemia,20.0,1.5,,
Mexico,Men,Male,iron_deficiency_anemia,30.0,7.2,,
Mexico,Men,Male,iron_deficiency_anemia,40.0,8.5,,
Mexico,Men,Male,iron_deficiency_anemia,50.0,10.6,,
Mexico,Men,Male,iron_deficiency_anemia,65.0,19.9,,
Mongolia,Men,Male,iron_deficiency_anemia,15.0,0.0,,
Mongolia,Men,Male,iron_deficiency_anemia,15.0,0.1,,
Mongolia,Men,Male,iron_deficiency_anemia,20.0,0.0,,
Mongolia,Men,Male,iron_deficiency_anemia,30.0,0.3,,
Mongolia,Men,Male,iron_deficiency_anemia,40.0,0.0,,
Mongolia,Men,Male,iron_deficiency_anemia,15.0,0.0,,
Mongolia,Men,Male,iron_deficiency_anemia,15.0,0.2,,
Mongolia,Men,Male,iron_deficiency_anemia,15.0,0.0,,
Mongolia,Men,Male,iron_deficiency_anemia,15.0,0.0,,
Mongolia,Men,Male,iron_deficiency_anemia,15.0,0.0,,
Mongolia,Men,Male,iron_deficiency_anemia,15.0,1.3,,
Malawi,Men,Male,iron_deficiency_anemia,20.0,0.0,,
Malawi,Men,Male,iron_deficiency_anemia,20.0,6.9,,
Malawi,Men,Male,iron_deficiency_anemia,20.0,2.4,,
Malawi,Men,Male,iron_deficiency_anemia,20.0,3.4,,
Malawi,Men,Male,iron_deficiency_anemia,30.0,0.0,,
Malawi,Men,Male,iron_deficiency_anemia,30.0,2.6,,
Malawi,Men,Male,iron_deficiency_anemia,40.0,12.0,,
Malawi,Men,Male,iron_deficiency_anemia,40.0,0.0,,
Malawi,Men,Male,iron_deficiency_anemia,50.0,0.0,,
Malawi,Men,Male,iron_deficiency_anemia,50.0,0.0,,
Malawi,Men,Male,iron_deficiency_anemia,20.0,0.4,,
Malawi,Men,Male,iron_deficiency_anemia,20.0,8.9,,
Malawi,Men,Male,iron_deficiency_anemia,15.0,0.0,,
Malawi,Men,Male,iron_deficiency_anemia,15.0,0.0,,
Malawi,Men,Male,iron_deficiency_anemia,30.0,0.0,,
Malawi,Men,Male,iron_deficiency_anemia,20.0,2.8,,
Malawi,Men,Male,iron_deficiency_anemia,20.0,3.7,,
Malawi,Men,Male,iron_deficiency_anemia,15.0,0.0,,
Malawi,Men,Male,iron_deficiency_anemia,20.0,0.0,,
Malawi,Men,Male,iron_deficiency_anemia,20.0,0.0,,
Malawi,Men,Male,iron_deficiency_anemia,15.0,0.0,,
Malawi,Men,Male,iron_deficiency_anemia,20.0,3.8,,
Malawi,Men,Male,iron_deficiency_anemia,20.0,7.9,,
Malawi,Men,Male,iron_deficiency_anemia,15.0,0.0,,
Malawi,Men,Male,iron_deficiency_anemia,15.0,0.0,,
Malawi,Men,Male,iron_deficiency_anemia,20.0,0.0,,
Malawi,Men,Male,iron_deficiency_anemia,20.0,0.0,,
Malawi,Men,Male,iron_deficiency_anemia,15.0,0.0,,
Malawi,Men,Male,iron_deficiency_anemia,20.0,0.0,,
Malawi,Men,Male,iron_deficiency_anemia,20.0,0.0,,
New Zealand,Adults,All,iron_deficiency_anemia,15.0,2.1,,
New Zealand,Adults,Female,iron_deficiency_anemia,15.0,3.5,,
New Zealand,Men,Male,iron_deficiency_anemia,15.0,0.6,,
New Zealand,Men,Male,iron_deficiency_anemia,19.0,0.0,,
New Zealand,Men,Male,iron_deficiency_anemia,31.0,1.3,,
New Zealand,Men,Male,iron_deficiency_anemia,51.0,0.3,,
New Zealand,Women,Female,iron_deficiency_anemia,51.0,2.1,,
Philippines,Adults,All,iron_deficiency_anemia,20.0,54.4,,
China,Children,All,MCV,6.0,6.7,,
Ecuador,Adolescents,All,MCV,12.0,17.7,,
Ecuador,Adolescents,All,MCV,12.0,13.2,,
Ecuador,Adolescents,All,MCV,15.0,10.2,,
Ecuador,Adolescents,Female,MCV,12.0,10.6,,
Ecuador,Adolescents,Female,MCV,12.0,12.0,,
Ecuador,Adolescents,Female,MCV,15.0,12.9,,
Ecuador,Adolescents,Male,MCV,12.0,23.1,,
Ecuador,Adolescents,Male,MCV,12.0,14.1,,
Ecuador,Adolescents,Male,MCV,15.0,7.8,,
Ecuador,Men,Male,MCV,20.0,12.7,,
Ecuador,Men,Male,MCV,20.0,12.2,,
Ecuador,Men,Male,MCV,30.0,13.9,,
Ecuador,Men,Male,MCV,40.0,10.5,,
Ecuador,Women,Female,MCV,20.0,21.6,,
Ecuador,Women,Female,MCV,20.0,23.1,,
Ecuador,Women,Female,MCV,30.0,20.2,,
Ecuador,Women,Female,MCV,40.0,21.4,,
Ecuador,Women,Female,MCV,50.0,13.8,,
Ecuador,Women,All,MCV,6.0,60.0,,
Ecuador,Women,All,MCV,6.0,39.9,,
Ecuador,Women,All,MCV,12.0,49.0,,
Ecuador,Women,All,MCV,24.0,27.1,,
Ecuador,Women,All,MCV,36.0,37.8,,
Ecuador,Women,All,MCV,48.0,28.0,,
Ecuador,Women,Female,MCV,6.0,45.9,,
Ecuador,Women,Female,MCV,6.0,29.6,,
Ecuador,Women,Female,MCV,12.0,41.1,,
Ecuador,Women,Female,MCV,24.0,14.9,,
Ecuador,Women,Female,MCV,36.0,27.6,,
Ecuador,Women,Female,MCV,48.0,18.5,,
Ecuador,Women,Male,MCV,6.0,70.7,,
Ecuador,Women,Male,MCV,6.0,47.7,,
Ecuador,Women,Male,MCV,12.0,55.8,,
Ecuador,Women,Male,MCV,24.0,37.1,,
Ecuador,Women,Male,MCV,36.0,43.8,,
Ecuador,Women,Male,MCV,48.0,34.9,,
Ecuador,Children,All,MCV,5.0,18.7,,
Ecuador,Children,Female,MCV,5.0,13.0,,
Ecuador,Children,Male,MCV,5.0,22.4,,
Spain,Adults,All,MCV,25.0,3.14,,
Spain,Men,Male,MCV,25.0,1.8,,
Spain,Women,Female,MCV,25.0,4.4,,
United Kingdom,Men,Male,MCV,19.0,7.0,,
United Kingdom,Men,Male,MCV,19.0,3.0,,
United Kingdom,Men,Male,MCV,25.0,4.0,,
United Kingdom,Men,Male,MCV,35.0,3.0,,
United Kingdom,Men,Male,MCV,50.0,0.0,,
United Kingdom,Women,Female,MCV,19.0,4.0,,
United Kingdom,Women,Female,MCV,19.0,4.0,,
United Kingdom,Women,Female,MCV,25.0,5.0,,
United Kingdom,Women,Female,MCV,35.0,4.0,,
United Kingdom,Women,Female,MCV,50.0,4.0,,
Korea,Adolescents,Female,MCV,10.0,2.8,,
Korea,Adolescents,Female,MCV,15.0,4.4,,
Korea,Adolescents,Male,MCV,10.0,0.3,,
Korea,Adolescents,Male,MCV,15.0,0.8,,
Korea,Elderly,Female,MCV,60.0,1.0,,
Korea,Elderly,Female,MCV,70.0,0.0,,
Korea,Elderly,Male,MCV,60.0,0.8,,
Korea,Elderly,Male,MCV,70.0,0.6,,
Korea,Men,Male,MCV,18.0,0.1,,
Korea,Men,Male,MCV,50.0,0.3,,
Korea,Women,Female,MCV,50.0,1.4,,
Korea,Women,Female,MCV,18.0,4.4,,
Korea,Adolescents,Female,MCV,10.0,1.3,,
Korea,Adolescents,Female,MCV,15.0,2.2,,
Korea,Adolescents,Male,MCV,10.0,0.0,,
Korea,Adolescents,Male,MCV,15.0,0.0,,
Korea,Elderly,Female,MCV,60.0,1.0,,
Korea,Elderly,Female,MCV,70.0,0.8,,
Korea,Elderly,Male,MCV,60.0,0.5,,
Korea,Elderly,Male,MCV,70.0,1.4,,
Korea,Men,Male,MCV,18.0,0.1,,
Korea,Men,Male,MCV,50.0,0.2,,
Korea,Women,Female,MCV,18.0,4.4,,
Korea,Women,Female,MCV,50.0,1.4,,
Korea,Adolescents,Female,MCV,10.0,2.3,,
Korea,Adolescents,Female,MCV,15.0,1.7,,
Korea,Adolescents,Male,MCV,10.0,0.0,,
Korea,Adolescents,Male,MCV,15.0,0.0,,
Korea,Elderly,Female,MCV,60.0,1.1,,
Korea,Elderly,Female,MCV,70.0,1.1,,
Korea,Elderly,Male,MCV,60.0,0.4,,
Korea,Elderly,Male,MCV,70.0,1.6,,
Korea,Men,Male,MCV,18.0,0.1,,
Korea,Men,Male,MCV,50.0,0.7,,
Korea,Women,Female,MCV,50.0,1.0,,
Korea,Women,Female,MCV,18.0,6.1,,
Palestine,Adolescents,Female,MCV,15.0,61.6,,
Palestine,Adolescents,Male,MCV,15.0,63.3,,
Palestine,Women,Female,MCV,18.0,57.2,,
Palestine,Pregnant women,Female,MCV,18.0,51.6,,
Palestine,Women,All,MCV,6.0,90.0,,
Palestine,Adolescents,Female,MCV,15.0,22.0,,
Palestine,Adolescents,Male,MCV,15.0,12.7,,
Palestine,Women,Female,MCV,18.0,15.0,,
Palestine,Pregnant women,Female,MCV,18.0,16.5,,
Palestine,Women,All,MCV,6.0,42.9,,
Palestine,Adolescents,Female,MCV,15.0,42.1,,
Palestine,Adolescents,Male,MCV,15.0,37.8,,
Palestine,Women,Female,MCV,18.0,36.1,,
Palestine,Pregnant women,Female,MCV,18.0,34.1,,
Palestine,Women,All,MCV,6.0,67.8,,
Thailand,Children,All,MCV,6.0,100.0,,
Thailand,Children,All,MCV,6.0,99.0,,
Thailand,Children,All,MCV,6.0,40.0,,